State,Year,Total_Cost_Attendence_On,Total_Cost_Attendence_Off,Tuition_Cost_IN,Tuition_Cost_OUT,Associate_degree_recipients,Undergraduate_certificate_recipients,Master_degree_recipients,Doctoral_and_first_professional_degree_recipients,Graduate_certificate_recipients
CA,2013,31735,25411,9352,187563,128414,140318,72068,18521,4952
CA,2000,15677,14054,4457,123382,79470,90457,45957,14187,5830
CA,2003,20508,18227,6243,142461,90098,109078,53542,14758,8198
CA,2004,22061,19230,6947,147001,93226,116637,55426,15432,6320
CA,2005,22795,19004,6900,151036,92747,112979,57113,15456,7105
CA,2006,23448,19334,6716,153332,95793,113329,56901,16078,5766
CA,2007,24853,20115,7137,158051,97010,117619,60956,16396,5906
CA,2008,25908,20115,6368,160955,98845,124869,64253,16422,8328
CA,2009,27958,21857,7260,164272,102035,137089,66600,16479,8326
CA,2010,29803,23128,8276,169691,107718,150836,69316,17301,8027
CA,2011,30902,25132,9242,172556,114849,144979,70821,17567,6458
CA,2012,31759,26052,9660,180593,120704,147081,71105,18479,4179
HI,2013,24117,22234,7272,6915,5448,1284,2121,506,136
HI,2000,12638,13183,3539,4896,3315,1216,1704,326,262
HI,2003,13709,14633,4448,5499,3654,1225,1901,272,163
HI,2004,14006,14357,4192,5300,3423,1015,2025,327,161
HI,2005,15011,16025,4440,5813,3204,978,1991,343,167
HI,2006,16299,16104,4767,5695,3254,836,1922,357,175
HI,2007,17183,17953,5005,5853,3128,843,1959,393,171
HI,2008,18144,18825,5224,5797,3221,785,1993,385,169
HI,2009,20260,19738,5727,5431,3346,882,2028,381,225
HI,2010,21532,20515,6154,5751,3766,1147,2062,529,175
HI,2011,22827,21120,6826,6016,4199,1226,2115,533,262
HI,2012,22835,21184,6737,6363,4402,1394,1978,556,141
FL,2013,26700,25482,9211,97004,96419,79989,34094,9113,1248
FL,2000,13947,13712,4125,52592,50509,46007,19687,5172,523
FL,2003,16819,16189,5492,63840,57944,62390,23188,6381,669
FL,2004,17634,17421,6305,65839,60441,63319,24014,6782,847
FL,2005,19425,16893,6634,69899,63489,63310,24042,6922,990
FL,2006,20172,18978,7600,73874,63080,62877,25573,7870,1311
FL,2007,21121,20051,7972,77514,65950,67139,26592,8123,1327
FL,2008,22421,21449,8000,80273,70901,71524,28377,8376,1424
FL,2009,23189,21045,8065,83417,79494,84369,29771,9135,1418
FL,2010,23888,22567,8156,86230,87391,91660,31766,9297,1223
FL,2011,25278,23435,8549,91225,103158,85231,33859,9485,1497
FL,2012,26011,25179,9152,94505,100960,81673,33032,9454,1383
TX,2013,23184,21539,8436,119364,71195,70324,46832,10800,1827
TX,2000,11934,12108,3708,76183,31675,37067,24711,7827,371
TX,2003,13600,14220,4644,85609,39322,55183,30905,8417,610
TX,2004,14604,15046,5179,88808,41780,56622,32730,8851,829
TX,2005,15950,14984,5731,92076,43785,58018,33011,9003,933
TX,2006,17261,15297,6041,95782,44701,58733,33213,9327,878
TX,2007,18262,16293,6499,98297,45903,58169,34752,9219,881
TX,2008,19427,17336,7007,102221,47936,64326,37027,9276,848
TX,2009,20005,17902,7263,104782,55050,78342,40127,9321,1067
TX,2010,20973,18276,7612,108057,58553,83773,42577,9744,1377
TX,2011,21833,18952,7760,111393,67765,76078,45692,10108,1556
TX,2012,22599,21196,8237,115695,68903,73054,47128,10426,1632
MA,2013,46128,37676,25339,58712,14189,13471,36118,8321,2465
MA,2000,25246,21468,12764,42813,10391,7043,25420,6132,1262
MA,2003,30001,25904,15912,45583,11373,9052,27768,6712,1699
MA,2004,31807,26967,16778,45714,11656,10620,27663,6981,1732
MA,2005,33108,27423,17678,47024,11139,10379,27874,7322,1990
MA,2006,34827,28836,18743,47885,10691,10516,27802,7828,2002
MA,2007,36765,30102,19662,49484,10926,10818,29571,7461,2102
MA,2008,38447,31231,20497,50106,11360,11573,30323,7651,2120
MA,2009,40134,31209,21077,52221,12414,13675,32136,7485,2498
MA,2010,41651,30980,22303,53749,12907,15223,34090,7637,2434
MA,2011,43226,33019,23480,55593,13645,15298,35748,8146,2387
MA,2012,44797,36703,24518,57134,13742,13094,35496,8289,2349
PA,2013,37855,33611,20353,93292,28598,29768,36952,9992,3065
PA,2000,19952,18245,10144,67024,23322,29295,22406,6563,636
PA,2003,23583,21701,12243,75913,24686,24877,26411,7403,1079
PA,2004,25082,23093,13187,78294,25679,25074,26521,7930,1339
PA,2005,26518,22438,13990,80337,26341,26666,27691,8206,1493
PA,2006,27688,23297,14502,81580,26389,25914,28999,8415,1578
PA,2007,29409,25120,15405,82700,26626,26027,30056,8636,1867
PA,2008,30986,26084,16286,85255,26989,26968,31967,9426,2191
PA,2009,32148,26840,16533,87751,27511,31652,34000,9135,2201
PA,2010,33751,28799,17442,88767,29260,33299,36119,9316,2055
PA,2011,35159,30384,18604,91276,30172,28255,36922,9384,2878
PA,2012,36643,31247,19542,91980,29035,28036,37236,9788,2723
AK,2013,18223,21659,9818,2033,1805,2532,707,60,257
AK,2000,16668,15638,3227,1343,966,1737,406,27,0
AK,2003,12531,15590,3624,1405,986,808,585,20,0
AK,2004,13053,16800,4326,1427,879,894,655,25,16
AK,2005,13418,16473,4231,1573,1045,975,582,21,56
AK,2006,14351,17251,4670,1512,1039,1056,716,33,78
AK,2007,14644,17899,4958,1498,1031,1101,692,29,80
AK,2008,16110,18806,5486,1626,999,1066,604,37,130
AK,2009,16306,19916,6472,1625,1184,1619,683,45,171
AK,2010,17188,21833,10155,1770,1523,1638,693,46,179
AK,2011,17337,21744,8545,1750,1706,2007,703,50,216
AK,2012,18493,21617,9732,1895,1758,2302,724,54,219
MN,2013,29998,26283,14990,36451,21213,15607,22082,5291,2764
MN,2000,14449,13421,5952,23361,10910,12128,8096,2543,525
MN,2003,18234,17120,7915,27337,14210,14948,11433,2691,940
MN,2004,19603,18879,8916,28283,15481,14094,13052,2998,1121
MN,2005,20970,17928,9638,28936,15161,15086,15188,3357,1320
MN,2006,22297,18810,10518,29615,15814,14695,16387,3887,1303
MN,2007,23417,19722,10938,30388,16601,13753,18012,3886,1573
MN,2008,24569,20923,11665,31278,17100,15071,19186,3874,1797
MN,2009,25717,21573,12040,31907,18436,15920,21015,4173,2038
MN,2010,26837,22723,12858,33396,20517,15963,21823,4352,2549
MN,2011,28150,23502,13783,35434,21877,16014,22424,4420,2569
MN,2012,29521,25997,14564,36326,21664,16434,22202,4813,2695
GA,2013,25165,23076,9627,48831,18773,43145,16975,4646,1635
GA,2000,14551,13620,4746,28790,8173,26474,10761,3539,605
GA,2003,15722,15455,5570,36162,12927,38219,14442,3252,1138
GA,2004,17308,16431,5903,35515,12705,38911,13111,3254,1163
GA,2005,17622,16432,5946,36332,12990,38006,12490,3522,1195
GA,2006,18839,16710,6224,37418,13098,38778,12337,3803,1367
GA,2007,19893,16878,6648,39040,13684,41036,13302,3828,1394
GA,2008,20763,18791,7044,40461,14358,43908,15004,4050,1694
GA,2009,21929,19680,7560,42452,15583,48922,16304,3958,1834
GA,2010,23352,19847,8102,45079,17949,55066,17533,4005,1774
GA,2011,23346,21450,9002,45936,18728,44407,17674,4267,1732
GA,2012,24385,21621,9241,47655,18889,40511,17888,4410,1998
NJ,2013,35263,26925,12051,41027,22515,18319,15287,3160,1853
NJ,2000,18402,15763,6763,26948,11774,16021,9757,2660,657
NJ,2003,22962,20247,8403,30564,14208,15430,12035,2844,665
NJ,2004,24407,20841,8545,31987,14732,15983,12386,2959,910
NJ,2005,26179,21393,8834,32251,15346,15039,12607,2899,1054
NJ,2006,27657,22299,9081,32727,15855,14000,12736,3019,1163
NJ,2007,29104,23148,9549,33645,16918,14167,13219,3107,1246
NJ,2008,30855,23555,9905,34625,17522,16680,13477,3175,1354
NJ,2009,32030,23725,10200,36025,19277,19462,14146,3011,1558
NJ,2010,33069,23773,10689,37087,21134,20941,14427,3101,1627
NJ,2011,33794,25053,11046,39804,21640,20398,15490,3122,1570
NJ,2012,35038,26363,11585,40644,21729,19011,15032,3192,1640
LA,2013,23973,23389,8922,22633,7307,33593,7583,2558,333
LA,2000,12655,14083,4686,20043,6936,14388,5930,2279,111
LA,2003,13807,15671,5229,21408,6079,9838,6473,2440,56
LA,2004,14484,16638,5526,21494,5806,10335,6874,2213,24
LA,2005,12838,16006,3890,19995,4524,7452,6538,2333,22
LA,2006,14999,16230,5094,21774,5128,17140,6399,2358,81
LA,2007,16400,17151,5775,21216,5011,15846,6121,2243,107
LA,2008,17946,18226,6564,21520,5436,26841,6396,2281,88
LA,2009,18888,18601,6710,20999,5875,29958,6837,2418,166
LA,2010,20025,19687,7249,21451,7257,32256,7238,2288,260
LA,2011,21266,20444,7843,22076,7723,33488,7450,2639,332
LA,2012,23054,22563,8402,22446,7168,27437,7751,2592,367
AL,2013,22282,21387,8439,29516,13339,8246,11346,2286,814
AL,2000,10165,11207,3441,20823,20480,5571,8138,1634,462
AL,2003,12880,13232,4449,21386,8930,6419,9059,1537,611
AL,2004,13406,14099,4904,21616,24153,6539,9993,1671,587
AL,2005,14427,14008,5086,21995,25581,6270,10295,1719,647
AL,2006,15232,14387,5163,21981,25355,5303,9757,1854,566
AL,2007,15673,15061,5590,23448,27037,5645,10619,1898,563
AL,2008,16659,15313,6061,24172,26888,7152,10677,1986,515
AL,2009,17246,16162,6290,25706,28016,7989,11291,2079,564
AL,2010,18207,17075,6968,27248,30080,9733,11888,2144,619
AL,2011,19904,18812,7519,28277,14203,9241,11539,2256,811
AL,2012,21349,20499,8050,29876,13781,8700,11670,2297,780
NC,2013,28228,23041,10590,52602,29234,28125,18376,5005,876
NC,2000,13441,11612,4630,34767,14264,12841,9419,3030,191
NC,2003,16511,15202,5801,38888,17527,17012,11466,3355,196
NC,2004,17873,15555,6455,39303,18460,17777,11534,3280,175
NC,2005,18505,15904,6804,39969,19420,17444,12347,3326,174
NC,2006,19664,15554,7329,41263,19690,17670,12921,3575,159
NC,2007,20763,16282,7776,43452,19622,18720,13472,3643,218
NC,2008,21581,17024,7873,44834,20599,20449,14365,3928,230
NC,2009,22631,17344,7854,46833,22879,21877,15395,3955,503
NC,2010,24139,18465,8654,48670,25154,26561,16226,4116,686
NC,2011,25324,19613,9333,50737,27673,23451,16948,4420,613
NC,2012,26351,21964,9667,51782,28591,24288,17301,4824,724
AZ,2013,23492,21772,8447,61280,41864,40838,28829,3904,1630
AZ,2000,11143,12517,2877,20856,13334,23540,10537,1405,421
AZ,2003,13695,16221,4133,26225,14018,29259,17464,1701,385
AZ,2004,14505,18431,5492,29143,15918,30000,19932,1718,477
AZ,2005,15454,22536,7633,32708,16732,30830,24777,1783,352
AZ,2006,16146,23656,8114,36624,25780,30695,27941,2067,396
AZ,2007,17043,26647,8861,39050,33325,29275,28222,2444,326
AZ,2008,18436,27154,8876,39950,41970,30180,30820,2870,1019
AZ,2009,20481,27009,8315,44339,50252,32670,34860,2684,1596
AZ,2010,20830,21316,6572,50940,58992,41773,36231,2937,1554
AZ,2011,21854,21137,8145,64707,63018,43485,36178,3533,1378
AZ,2012,22860,21637,8220,66304,48911,40753,30579,3771,1320
IL,2013,37053,28311,15373,75064,40579,51125,41677,8448,1535
IL,2000,17306,14604,6521,55782,25931,24758,27176,7221,412
IL,2003,21268,17938,8289,59650,28738,36580,32809,6954,627
IL,2004,23192,18914,9314,64031,34715,40272,36044,7347,764
IL,2005,24803,19644,10515,68178,36303,38631,37529,7501,856
IL,2006,26551,20495,11088,70182,35180,40685,37867,7881,742
IL,2007,28218,22037,11669,69732,34013,41980,39373,7982,773
IL,2008,30278,23400,12435,69875,36173,43021,40447,7817,864
IL,2009,31517,23844,12425,71422,38274,49278,42486,7627,973
IL,2010,33290,23550,13298,71828,40236,52807,44769,7887,1548
IL,2011,34368,23873,13936,72676,42170,49475,45288,8135,1878
IL,2012,35797,26726,14496,76110,40584,53072,43254,8600,1853
CO,2013,26983,23899,10475,34436,14177,21203,14884,2883,792
CO,2000,13169,14788,4370,22273,7982,10444,8529,1587,706
CO,2003,15320,15838,5396,25247,9827,15043,10027,1727,313
CO,2004,16060,16912,5730,26142,9788,17259,10921,2116,461
CO,2005,17749,18876,7527,28554,9645,16556,11705,2061,443
CO,2006,18619,19103,7598,29842,8999,14957,11672,2117,379
CO,2007,20430,20754,7950,30209,11440,14730,11864,2103,474
CO,2008,21283,20713,8260,29804,14535,15631,12843,2180,683
CO,2009,22390,21826,8635,29562,14552,17772,13054,2207,696
CO,2010,22767,21615,8658,30571,16145,17808,14264,2171,754
CO,2011,24023,22132,9217,32229,16939,17964,15406,2354,731
CO,2012,24801,23351,9542,33487,15550,19433,15009,2747,744
VA,2013,29156,25048,11976,55808,25193,21106,23862,5349,2339
VA,2000,14355,14105,5546,32836,11502,9939,11127,3228,513
VA,2003,17394,16557,7399,35660,14034,12436,12117,3656,700
VA,2004,18666,17776,8092,36970,14924,12079,13055,4000,871
VA,2005,19186,17351,8212,38775,15987,10735,13414,4061,879
VA,2006,20430,17497,8322,39744,16946,10243,13833,4269,950
VA,2007,22039,19037,8817,41236,17675,11195,15009,4572,1108
VA,2008,23248,19772,9163,42483,18780,12055,16688,4870,1095
VA,2009,24684,20593,9953,45324,21010,16035,18889,4697,1525
VA,2010,25711,21667,10532,49077,24305,20002,20697,4987,1782
VA,2011,26910,22982,11203,52998,26199,22157,21516,5393,1901
VA,2012,27957,24541,11656,54749,25853,20917,22782,5193,1987
TN,2013,28987,24381,11866,34134,13007,19570,12125,3493,1684
TN,2000,14753,12722,5265,22823,7584,9804,8093,2213,836
TN,2003,17259,16299,6725,24983,8733,13030,8304,2277,1151
TN,2004,18375,17161,7109,26032,9707,13047,8530,2293,1391
TN,2005,19505,15782,7767,26330,10176,12889,9047,2354,1497
TN,2006,20363,16529,7930,27272,10592,13819,9031,2490,1579
TN,2007,21615,17387,8559,27649,9746,14164,9126,2443,1568
TN,2008,22809,19625,9120,29388,9771,14892,10144,2503,1724
TN,2009,24062,19417,9113,29857,10645,18233,10627,2655,1648
TN,2010,25109,20465,9646,31026,12478,20270,11099,2989,1637
TN,2011,26445,21755,10396,32309,13548,24257,11929,3152,1430
TN,2012,27756,24622,11247,33766,13230,20474,11946,3298,1516
MI,2013,25420,22417,11061,58967,32422,23552,21311,6095,1768
MI,2000,13717,13086,5404,46115,19534,11712,21342,3784,741
MI,2003,16563,15139,6417,51166,21836,15782,24204,4283,1364
MI,2004,16940,15780,6668,51207,23509,17897,22834,4593,1312
MI,2005,17997,15663,7140,51756,24373,19330,21986,5068,1592
MI,2006,18918,16128,7390,53280,25191,18989,21090,5310,1842
MI,2007,20220,17063,8088,54010,26443,20408,20916,5435,1629
MI,2008,21241,17882,8649,54641,27142,22261,21737,5672,1958
MI,2009,22120,18330,8797,56061,29318,27295,21176,5589,1961
MI,2010,22797,19363,9187,56448,30859,29328,21252,5807,2025
MI,2011,23891,20533,9847,57815,33322,28253,21392,5884,1893
MI,2012,24819,21878,10499,58540,34187,25422,21047,6053,1743
OH,2013,30981,26957,13901,68288,33496,33392,23080,6202,1075
OH,2000,16656,14792,7269,50866,19336,24303,17621,5246,223
OH,2003,20615,18391,8736,56256,22310,22826,19268,5075,230
OH,2004,22465,19810,9826,56969,22685,23952,20383,5428,384
OH,2005,24119,18518,10548,58522,24215,25219,21259,5635,425
OH,2006,25484,19458,11318,59025,24175,25188,20843,5739,343
OH,2007,25746,20936,11296,59388,26591,30659,21589,5844,499
OH,2008,26701,21849,11603,60048,28238,33212,21822,5900,531
OH,2009,27335,21337,11262,61082,29733,37875,22520,5865,601
OH,2010,28555,21849,11886,63882,33477,36906,22987,6074,667
OH,2011,29413,23025,12488,66736,35871,34050,24506,6045,656
OH,2012,30301,25957,13408,66193,33589,32745,23273,6177,741
KY,2013,24792,22794,10345,22312,13649,25142,9801,2122,544
KY,2000,10914,10998,3430,15464,6577,5928,4870,1580,133
KY,2003,13726,14128,5424,17320,8668,10754,6258,1703,169
KY,2004,15055,15700,6439,17921,9016,12656,6645,1893,250
KY,2005,16021,16730,6435,18731,9598,16753,7022,1845,303
KY,2006,17172,18160,6986,19186,9994,17652,7430,1917,290
KY,2007,18788,18673,7620,19754,10162,19681,7253,2129,273
KY,2008,19740,18979,8099,20091,10820,18947,7620,2012,253
KY,2009,21000,20249,8366,20487,11783,21531,8315,1697,310
KY,2010,22063,21757,8876,21156,13037,24411,8713,1901,436
KY,2011,23111,22237,9327,21592,14683,23363,9756,2045,541
KY,2012,24087,21830,9822,21932,13859,22832,10178,2038,580
WI,2013,25255,24030,11856,37346,14910,20022,8755,2682,597
WI,2000,13049,12742,5406,28505,9460,10749,7468,1933,67
WI,2003,15394,14938,6532,31759,11340,15896,9163,1843,61
WI,2004,16421,15858,7103,31144,11705,17113,8723,2076,79
WI,2005,17369,16565,7663,31434,11695,16428,8604,2105,186
WI,2006,18454,17909,8255,32646,11787,17913,8686,2272,369
WI,2007,19048,19021,8640,33229,12057,17590,8818,2301,318
WI,2008,20548,19946,9369,33651,12208,18826,8989,2399,437
WI,2009,21679,20521,9487,34109,12735,20473,9476,2347,381
WI,2010,22737,21557,10205,35279,15012,21405,9695,2418,501
WI,2011,23700,24674,10830,36005,16494,21406,9856,2590,481
WI,2012,24660,23659,11424,37013,16016,20304,9653,2507,547
OR,2013,29412,26077,12441,22942,13410,9434,8487,1996,1924
OR,2000,16454,14284,6168,13887,6350,3939,4848,1596,1930
OR,2003,18463,16831,7510,16664,8327,5585,5877,1574,2356
OR,2004,20079,17810,8019,16869,8507,5346,6148,1624,2486
OR,2005,20933,17003,8515,17631,8330,5422,5936,1773,2553
OR,2006,21965,17996,8757,17907,8135,5198,6054,1745,2354
OR,2007,23114,18265,9271,17920,8026,5697,5956,1707,2368
OR,2008,23526,19161,9253,17918,8164,6286,6369,1827,2182
OR,2009,24858,19597,9637,18873,9129,7393,6779,1849,2227
OR,2010,26043,20946,10389,19542,10945,8218,7326,1849,2232
OR,2011,27577,21818,11398,21296,12637,8553,7541,1910,2324
OR,2012,28212,24430,11825,22284,14272,9177,7504,1959,1996
NE,2013,21860,21297,9932,14489,5755,3404,4874,1503,389
NE,2000,11007,11000,4787,10788,3994,2387,3187,1133,112
NE,2003,13758,14002,6027,11444,4299,2730,3630,1195,148
NE,2004,14771,15117,6697,12004,4634,3255,3936,1356,164
NE,2005,15799,15694,7088,12153,4925,3200,3953,1292,294
NE,2006,16420,16330,7494,12339,4919,3118,3551,1320,276
NE,2007,17335,15424,8234,12365,4837,3450,4148,1330,331
NE,2008,17869,17290,8236,12577,4763,3251,4460,1371,349
NE,2009,18525,17049,8463,12600,4862,2975,4371,1392,373
NE,2010,19245,16691,8802,13515,5352,3261,4684,1371,398
NE,2011,20051,19481,9137,14255,5765,3227,5178,1392,249
NE,2012,21059,20825,9528,14124,5944,3746,5008,1495,324
NY,2013,37467,31955,17173,136176,68641,31255,71585,15042,6115
NY,2000,21726,17844,9095,100120,50113,21734,49940,11497,3449
NY,2003,24570,21601,10944,110489,57665,26128,63295,12376,4511
NY,2004,26155,22354,11355,113535,59087,25476,60523,13104,4721
NY,2005,27621,22418,12036,113100,57524,24595,63688,13194,4888
NY,2006,29033,23073,12591,117630,60412,23821,64408,13261,5080
NY,2007,30389,24264,13078,119783,57807,23529,63802,13744,4718
NY,2008,31666,25542,13501,122194,59065,24896,66975,14027,4820
NY,2009,32987,26256,14049,124904,61678,31540,68312,14192,4918
NY,2010,34115,27487,14762,128476,66644,34203,70324,14275,5432
NY,2011,35505,28404,15560,130664,69654,36656,71437,14857,5412
NY,2012,36404,30569,16368,133892,68210,31354,70417,15363,5564
CT,2013,42153,32615,20241,21931,7190,10538,9521,2049,1385
CT,2000,20892,18382,10575,14249,4391,4784,7616,1576,859
CT,2003,26188,22871,12431,16856,4807,5980,8402,1641,859
CT,2004,27442,23187,12860,16835,5059,6658,8860,1697,1147
CT,2005,29063,21691,13616,17999,5018,6846,8612,1789,1235
CT,2006,30193,23953,14184,18524,5069,7247,8423,1790,1152
CT,2007,31953,22467,14761,18940,5056,7570,8603,1716,1124
CT,2008,33835,25025,15623,19182,5536,8076,9255,1655,1222
CT,2009,35480,27304,16274,19682,5523,10185,8639,1834,1296
CT,2010,37612,28160,17384,19970,6079,11344,9131,1808,1253
CT,2011,38774,29097,18272,20945,6544,11575,9457,1954,1400
CT,2012,40612,31176,19268,21700,6826,11034,9570,1964,1366
WA,2013,29916,25954,12893,32506,29064,28342,9292,2558,550
WA,2000,15420,13948,5092,23441,18728,14821,7759,1868,644
WA,2003,18853,16930,6668,27240,23676,19702,8482,1907,378
WA,2004,19627,17688,7197,28265,22338,18631,8774,2166,241
WA,2005,20056,17188,7595,28570,21735,16868,8931,2224,791
WA,2006,21243,18105,8119,29160,20923,16904,8779,2287,929
WA,2007,22613,19202,8701,29524,21194,16450,8820,2278,516
WA,2008,24113,20002,9057,30091,21858,19747,9106,2318,793
WA,2009,24728,20817,9525,30569,23040,26623,9779,2370,806
WA,2010,26169,21805,10595,31294,27045,29322,9830,2405,883
WA,2011,27551,23930,11569,32376,28977,29017,9595,2561,844
WA,2012,29464,25953,12631,32689,29281,30386,9519,2601,470
OK,2013,21078,21134,8121,20654,12610,14580,6616,1657,275
OK,2000,10166,10889,3164,15932,7002,8318,5232,1493,4
OK,2003,12120,12812,3739,17424,8701,11326,5607,1500,35
OK,2004,13249,14224,4468,18266,9243,10988,5719,1507,61
OK,2005,14342,13173,4976,18909,9226,11205,5389,1628,61
OK,2006,15323,14008,5293,18892,9801,11215,5386,1611,86
OK,2007,16490,14880,5826,19218,9457,10782,5435,1537,100
OK,2008,17859,16146,6290,19634,9512,11979,5907,1593,134
OK,2009,17822,16199,6313,19535,9803,13247,5947,1586,143
OK,2010,18426,15903,6696,19511,10807,15147,6356,1611,125
OK,2011,19232,19251,6953,19846,11513,15392,6481,1728,172
OK,2012,20455,20512,7652,20047,12405,14500,6497,1658,139
MO,2013,25294,23750,10706,41660,19314,12139,21079,4751,2091
MO,2000,13979,14107,6048,30324,10758,7551,13480,3469,358
MO,2003,17626,17144,7265,34006,12396,9299,16285,3790,583
MO,2004,18517,17986,7781,34352,13456,8950,17180,3988,610
MO,2005,19292,18592,8189,35452,14380,9292,17087,4171,672
MO,2006,20560,19247,8728,35922,14066,9670,17380,4496,936
MO,2007,20946,20127,8950,36533,14445,9699,17932,4362,985
MO,2008,22456,20787,9576,38644,15099,10564,19567,4387,1310
MO,2009,22870,19528,9550,40168,16142,13377,19529,4651,1589
MO,2010,23562,19435,9609,41648,18545,14810,20656,4656,1611
MO,2011,23846,21823,10056,43697,19898,11959,20979,4669,1815
MO,2012,24653,24586,10534,40963,19821,11895,20609,4685,1913
SC,2013,28140,24835,11021,24356,11896,11049,5878,1869,380
SC,2000,13986,14153,4543,16827,6956,6334,4690,1186,204
SC,2003,17296,16203,6437,18523,8125,8076,4953,1283,214
SC,2004,18264,16993,6910,19445,8194,8333,5146,1359,281
SC,2005,19673,17271,7426,19995,7982,8151,5229,1326,235
SC,2006,21038,17311,8027,20141,7871,8185,5262,1358,295
SC,2007,22304,17943,8583,20581,7995,8442,5190,1606,274
SC,2008,23717,18609,9233,21071,8452,8413,5024,1623,329
SC,2009,24795,20545,9396,21925,8756,9356,5690,1502,287
SC,2010,25572,21001,9855,22844,9804,11352,5802,1615,290
SC,2011,26606,22698,10207,22987,10833,12256,5988,1610,263
SC,2012,27148,24448,10473,24021,11656,11390,6137,1760,268
IN,2013,28938,26242,13788,46986,17734,16516,16199,3537,1087
IN,2000,16461,15756,7694,31917,11001,4355,8528,2826,165
IN,2003,19704,18508,8912,36459,13259,6601,10892,2848,234
IN,2004,20529,19402,9410,36728,13849,6432,11158,3152,261
IN,2005,21016,18580,9817,38194,14849,6866,11444,3268,489
IN,2006,22165,19893,10368,38596,14112,7791,11929,3325,812
IN,2007,23281,20742,10811,39048,14598,8581,12394,3366,599
IN,2008,24076,21493,10938,39590,14853,8089,12927,3397,757
IN,2009,25414,22181,11211,41576,16196,10048,13673,3250,761
IN,2010,26506,22669,11517,43519,18603,12154,14337,3386,800
IN,2011,27396,23026,12220,45534,19436,13836,14230,3465,907
IN,2012,28760,25897,13197,46551,18842,14046,16507,3475,1001
RI,2013,42401,34714,24466,11455,3780,1719,2618,753,93
RI,2000,22222,18273,11208,8283,3582,1780,1928,500,66
RI,2003,26972,23666,14576,9251,3540,2670,2171,570,46
RI,2004,28393,23528,15471,9472,3573,2432,2223,561,48
RI,2005,30033,20709,16367,9686,3831,2382,2146,655,45
RI,2006,30924,20048,16908,9982,3822,2259,2230,632,54
RI,2007,32406,21825,17568,10311,3692,2585,2240,685,77
RI,2008,34467,22294,18745,10291,4029,2668,2375,703,85
RI,2009,35932,23854,19510,10647,3667,2152,2396,746,91
RI,2010,38809,26685,21613,10863,3461,2572,2545,709,87
RI,2011,40156,27436,22422,11013,3537,2853,2566,745,108
RI,2012,41511,33424,23313,11079,3727,2314,2654,742,92
MT,2013,20007,19835,7376,5978,2417,1065,1161,420,43
MT,2000,11072,11050,3494,5183,1471,522,977,139,7
MT,2003,13725,13396,4611,5370,1811,505,1087,214,5
MT,2004,14310,13970,4983,5182,1782,513,1122,246,7
MT,2005,14941,14006,5314,5118,1776,589,1103,248,3
MT,2006,15832,14057,5588,5217,1598,633,1159,269,7
MT,2007,16626,14009,5977,5198,1627,682,1110,278,7
MT,2008,17158,16170,6108,5252,1630,753,1167,280,14
MT,2009,18066,14789,6198,5232,1745,774,1140,309,73
MT,2010,18943,15062,6531,5512,2058,878,1201,357,89
MT,2011,18978,18345,6937,5395,2364,966,1286,372,39
MT,2012,19765,19661,7411,5652,2296,1068,1280,395,37
UT,2013,19384,19004,6469,29848,13609,11442,9565,1271,724
UT,2000,10561,11430,2960,17091,8534,5230,3642,723,244
UT,2003,12078,13287,3430,19909,9408,5943,4167,778,401
UT,2004,12462,13455,3517,20799,9917,5253,4210,796,393
UT,2005,13495,14270,4130,20677,9805,6773,4640,869,512
UT,2006,13718,15147,4309,20922,9835,7108,4465,936,484
UT,2007,14991,15959,4897,20959,9904,7139,5056,994,563
UT,2008,15385,17996,5196,21504,10244,7326,5025,995,696
UT,2009,16235,18879,5668,21931,11063,8787,5804,936,692
UT,2010,17435,19112,6021,24461,12407,10543,6995,1087,681
UT,2011,18303,18948,6084,26554,13301,10661,7669,1184,751
UT,2012,19109,19868,6446,28597,13021,10483,8412,1247,667
ME,2013,30761,25941,16798,7476,3193,1725,2035,528,307
ME,2000,17048,14587,11367,5429,2197,738,1189,253,55
ME,2003,16778,16408,7928,6059,2252,1138,1542,245,94
ME,2004,18005,16239,8666,6506,2374,1087,1648,257,94
ME,2005,19033,17143,9206,6544,2416,1187,1655,253,92
ME,2006,20182,18714,9745,6900,2463,1118,1614,260,73
ME,2007,22111,20331,10791,7109,2679,1122,1661,267,70
ME,2008,23145,19304,11317,6909,2636,1170,1747,326,74
ME,2009,23998,19498,11725,7088,2722,1394,1829,348,198
ME,2010,28098,20448,15003,7347,3309,1642,1766,367,228
ME,2011,28864,23208,15709,7596,3321,1763,1902,383,276
ME,2012,29922,25148,16160,7335,3174,1826,1935,489,308
NM,2013,18982,17890,4573,9146,8648,8867,3336,644,156
NM,2000,10839,11901,2541,6551,4806,2128,2596,514,49
NM,2003,12088,13958,3016,7217,4271,3117,2983,526,34
NM,2004,12522,14503,3177,7342,4590,3763,3219,563,36
NM,2005,13440,15115,3391,7491,4911,3784,3347,529,67
NM,2006,14420,15838,3644,7839,4845,3960,3105,571,44
NM,2007,15342,15990,3718,7806,4959,3958,3313,522,81
NM,2008,16216,17050,3845,7875,5075,3835,3203,560,49
NM,2009,16298,17253,3704,7944,5379,5950,3205,570,102
NM,2010,17364,17736,3991,8179,6552,8020,3266,583,88
NM,2011,18034,17110,4140,8259,7709,8160,3259,614,88
NM,2012,18561,17875,4330,8586,8941,11224,3239,629,85
MS,2013,15263,17311,4908,14266,12640,6820,4822,1259,188
MS,2000,7668,10205,2118,11232,7158,2575,3340,813,131
MS,2003,8691,11009,2628,11663,8224,2924,3668,885,136
MS,2004,9262,11303,2905,11681,8630,3131,3877,980,176
MS,2005,9696,10784,2938,11803,8480,3236,3834,971,189
MS,2006,10448,11624,3277,12052,8623,3457,3949,1027,189
MS,2007,11001,12020,3399,12186,8822,3685,3987,1086,169
MS,2008,11555,12366,3511,12430,9045,4048,4160,1102,165
MS,2009,12148,13541,3614,12903,9824,4515,4242,1154,164
MS,2010,13010,13675,3920,13230,11440,5107,4726,1170,174
MS,2011,13734,15249,4200,13516,12996,5338,4809,1217,103
MS,2012,14523,16362,4518,14076,12140,5099,4804,1261,164
KS,2013,19437,19796,7857,19424,11085,12411,6869,1460,472
KS,2000,10305,11202,3339,14662,7294,10287,5155,1098,256
KS,2003,12480,13271,4374,16022,7732,10523,5989,1174,77
KS,2004,13419,14088,4951,16221,7954,10680,5668,1180,85
KS,2005,13608,13813,4946,16677,7851,10936,5852,1248,91
KS,2006,14556,14473,5387,17032,7812,10930,5830,1219,100
KS,2007,15265,15118,5676,17048,8175,9743,6268,1374,71
KS,2008,16304,16052,6171,17602,7842,9534,6309,1321,112
KS,2009,16988,16496,6566,17849,8424,11161,6722,1388,108
KS,2010,17553,17179,6677,18170,9499,12790,7144,1476,145
KS,2011,18093,18081,6998,18999,10287,12801,7021,1452,212
KS,2012,18701,18971,7443,19622,10647,13017,6593,1471,211
NV,2013,22920,22440,6367,8080,5732,8124,2148,922,83
NV,2000,12123,12602,2669,4358,2164,1684,1517,230,202
NV,2003,15912,16585,3934,5136,2872,2272,1796,290,208
NV,2004,15697,17388,4515,5608,3236,2432,2042,408,138
NV,2005,16562,17341,4593,6595,3702,2480,2158,539,30
NV,2006,17725,17935,4325,6390,3695,4259,2059,556,42
NV,2007,18611,18275,4605,6860,3534,5204,2568,544,106
NV,2008,19451,19984,5171,7119,3692,3809,2505,707,85
NV,2009,20020,19956,5304,7334,4068,4917,2652,830,98
NV,2010,22704,20662,5706,7556,4997,5168,2720,839,107
NV,2011,22709,20526,5933,7639,5350,5622,2604,950,70
NV,2012,22300,22704,6240,7949,5375,6114,2194,936,68
NH,2013,37194,34909,21128,10137,2992,1732,4577,542,814
NH,2000,20140,17997,11079,7271,2978,1280,2387,309,209
NH,2003,23943,24206,13346,7918,3289,1420,2839,285,386
NH,2004,24761,24775,13670,8125,3498,1451,2751,350,466
NH,2005,25443,23366,14085,8041,3239,1837,3068,381,429
NH,2006,26688,25725,14626,8306,3346,1792,3017,396,495
NH,2007,28386,25771,15680,8471,3181,1446,3185,373,492
NH,2008,29506,26158,16260,8879,2912,1515,3328,412,558
NH,2009,30813,29669,16659,9396,2933,1875,3458,459,598
NH,2010,32694,32085,17522,9479,3062,2121,3666,448,602
NH,2011,34009,31851,19221,9285,3120,2153,3825,480,724
NH,2012,35974,32393,20408,9769,2824,1823,3878,501,696
WY,2013,14286,15887,3301,2012,3145,2150,476,222,27
WY,2000,7870,8062,1883,1677,2247,1438,414,188,0
WY,2003,9274,10246,2150,1670,2809,1616,420,173,1
WY,2004,9589,10608,2091,1695,2799,1987,455,177,0
WY,2005,9937,10505,2206,1792,3073,2076,437,175,2
WY,2006,10890,11404,2284,1691,2805,1858,423,179,30
WY,2007,11567,11780,2501,1802,2703,1662,423,191,39
WY,2008,12147,12570,2659,1765,2785,1581,428,200,25
WY,2009,12353,13014,2695,1791,2862,1667,388,179,47
WY,2010,12811,13306,2768,1860,3217,2021,482,188,53
WY,2011,13475,14192,3125,2064,2924,1440,489,197,49
WY,2012,13778,15653,3199,2057,3125,2265,486,199,35
AR,2013,21310,21235,7377,15488,8850,13225,4896,985,485
AR,2000,10909,12366,3821,9628,4014,9077,2267,656,56
AR,2003,13255,14874,4638,10784,4887,10176,2597,684,89
AR,2004,14121,15482,4780,11191,5166,8598,2851,754,84
AR,2005,14820,16363,5286,11340,5462,6961,3097,751,103
AR,2006,15850,15624,5431,11479,5721,7201,3257,730,146
AR,2007,16757,16205,5662,11574,5567,8617,3509,753,162
AR,2008,17656,16842,6087,12028,6485,9837,3774,797,208
AR,2009,18208,18556,6165,12523,7172,11723,4126,804,479
AR,2010,19108,19735,6543,13259,10181,12331,4793,813,373
AR,2011,19806,20540,6859,14190,8645,12026,5320,913,358
AR,2012,20394,20941,6957,14317,8499,12611,5225,980,468
WV,2013,20800,19153,7896,15525,5914,3799,6806,1009,330
WV,2000,11206,11116,3805,8704,2959,2657,2389,569,41
WV,2003,13367,13206,4546,9101,3323,3008,2829,622,115
WV,2004,14142,13776,4870,9574,3749,2954,2735,662,71
WV,2005,14963,14159,5101,10033,3326,2881,3030,681,57
WV,2006,15590,14578,5380,11105,3742,3015,3302,770,76
WV,2007,16351,16670,5813,11488,3844,2664,3897,743,215
WV,2008,17118,16602,6032,11366,3828,2849,4220,759,163
WV,2009,17992,16652,6389,12032,3989,3098,5064,943,165
WV,2010,18676,16800,6581,13001,4688,3430,5884,1007,146
WV,2011,19010,17680,6722,14056,5189,3258,6247,986,282
WV,2012,19983,18154,7366,14357,5413,3502,6409,1032,334
IA,2013,24804,23598,12001,39975,18633,8520,12133,2950,1175
IA,2000,13742,14826,5780,18652,9387,5116,3493,2239,124
IA,2003,16821,17159,7748,20174,11076,6403,3967,2132,51
IA,2004,18028,18322,8292,20786,12199,6977,4316,2355,86
IA,2005,18981,17659,8760,21435,13837,7113,4430,2536,132
IA,2006,20070,17673,9130,22388,14368,6724,4544,2658,139
IA,2007,21002,18213,9648,24265,13537,6705,5257,2667,558
IA,2008,21932,18884,10226,26239,13639,5902,6164,2876,777
IA,2009,21641,19254,10314,30398,15834,6875,7475,2745,732
IA,2010,22400,19192,10252,36266,19285,8042,9982,3112,790
IA,2011,22990,20101,10803,40676,20515,8258,12100,2957,870
IA,2012,24243,22994,11401,41462,18751,8166,12127,3031,1128
DE,2013,26351,22451,10043,6338,2080,1834,2842,554,7
DE,2000,13183,12189,4786,4504,1097,1129,1479,458,0
DE,2003,15759,13709,5737,5101,1159,1289,1940,444,0
DE,2004,16584,14508,6319,5247,1262,1595,2031,569,0
DE,2005,17578,15533,6767,5410,1328,1617,2114,591,2
DE,2006,18699,16282,6812,5113,1396,1869,2292,574,0
DE,2007,19772,16846,7057,5322,1475,1617,2291,529,0
DE,2008,20781,17378,7394,5472,1645,1597,2378,547,13
DE,2009,22515,18960,8300,5505,1712,1846,2452,528,13
DE,2010,23830,20072,8615,5877,1820,2187,2705,546,9
DE,2011,24873,20907,9259,5885,1947,2311,2680,585,10
DE,2012,25726,22095,9899,6230,2072,1960,2753,558,1
ID,2013,18041,17722,6234,10729,5421,2757,1892,412,334
ID,2000,10270,10701,3338,4646,5016,1822,1072,250,44
ID,2003,11948,12507,3535,6060,3279,2240,1116,266,20
ID,2004,12416,12989,3722,7315,3196,2432,1623,302,25
ID,2005,13118,13414,3981,7800,3072,2102,1660,324,14
ID,2006,14037,14197,4313,8022,2947,2097,1609,332,96
ID,2007,14454,14406,4591,7984,2935,2036,1543,332,89
ID,2008,15351,15182,4975,9090,3365,2410,1593,322,138
ID,2009,16279,15788,5025,9493,3649,2360,1684,306,144
ID,2010,16777,16340,5328,9194,4386,2536,1793,321,207
ID,2011,17554,17062,5718,9814,4962,2782,2046,331,274
ID,2012,17422,17545,6071,10354,5766,2788,2055,398,289
VT,2013,37610,34541,23535,6221,1222,486,2295,358,146
VT,2000,18320,17616,11111,4697,1484,188,1357,325,69
VT,2003,21363,20545,12407,4648,1390,294,1474,302,79
VT,2004,22970,22089,13756,4892,1271,275,1684,321,58
VT,2005,23727,17177,13868,4981,1380,372,1782,336,46
VT,2006,24879,18302,14834,5101,1275,388,1951,342,63
VT,2007,26649,20325,16071,5315,1264,421,2302,343,79
VT,2008,28460,22375,17635,5788,1198,380,2178,380,45
VT,2009,30130,27469,18111,5888,1266,484,2244,381,66
VT,2010,33945,28486,20903,6100,1223,552,2377,388,106
VT,2011,35427,29713,21888,6283,1196,539,2474,415,117
VT,2012,37100,37108,23076,6206,1280,522,3191,434,113
ND,2013,18552,18803,7112,6168,2405,1169,1825,469,93
ND,2000,9712,9801,3148,4688,2044,681,842,235,10
ND,2003,11810,12238,4159,5033,2172,778,1054,271,37
ND,2004,12543,12955,4670,5161,2213,757,1104,367,50
ND,2005,13219,13543,5024,5487,2138,871,1167,357,65
ND,2006,14043,14568,5431,5543,2310,856,1317,390,81
ND,2007,14482,14654,5758,5531,2211,840,1326,502,87
ND,2008,15469,15414,6248,5604,2326,892,1349,427,58
ND,2009,15685,15758,6202,5686,2377,1097,1392,447,63
ND,2010,16552,16507,6383,5564,2552,1100,1572,456,74
ND,2011,17693,16945,6627,5742,2523,919,1725,480,94
ND,2012,18197,18127,6842,5983,2386,1221,1676,465,99
SD,2013,21569,21521,9178,5676,2696,1178,1336,395,125
SD,2000,11689,11917,4431,4223,1754,907,983,259,51
SD,2003,13566,13934,5654,4752,2508,1028,1116,295,65
SD,2004,14073,14297,5996,4771,2225,1004,1217,299,54
SD,2005,14769,14699,6107,4850,2315,937,1117,286,58
SD,2006,16053,15837,6413,4965,2268,1111,1191,274,57
SD,2007,16822,14843,6840,4992,2045,1139,1243,333,29
SD,2008,17860,16402,7436,5031,1964,1039,1242,284,78
SD,2009,18294,15679,7684,4976,1952,1267,1309,307,90
SD,2010,19003,16783,7803,5211,2601,1366,1427,300,73
SD,2011,20039,19073,8531,5392,2699,1175,1467,353,84
SD,2012,20965,21078,9129,5641,2610,1146,1512,335,129
MD,2013,31814,25863,11742,33245,15758,12069,18411,2908,2133
MD,2000,18365,15617,6830,23017,7431,5549,10872,1992,629
MD,2003,19819,17216,7384,25030,9023,7191,12999,2203,1046
MD,2004,21012,18149,7849,26003,9834,7889,13163,2308,1120
MD,2005,22159,18465,8484,26690,10131,7964,13438,2486,1198
MD,2006,23151,19024,8650,26804,10421,8618,14169,2510,1348
MD,2007,23888,19869,9034,27218,10964,8308,14662,2564,1447
MD,2008,24990,20897,9386,27996,11305,9860,15190,2502,1409
MD,2009,25810,21058,9445,29065,12446,12000,16019,2665,1587
MD,2010,26926,21729,9956,30288,14006,13767,16981,2652,2071
MD,2011,28372,23028,10695,31972,15156,13412,17833,2822,2136
MD,2012,29206,25271,11059,32787,15387,11403,18444,3043,2355